<?xml version="1.0" encoding="UTF-8" standalone="yes"?>
<addon id="repo.vikingsTest" name="Test" version="1.00" provider-name="Vikings">
	
	<extension point="xbmc.addon.repository" name="Vikings Repositorio">
		<dir minversion="16.0.0">
			<info compressed="true">https://github.com/VikingsTest/repo.vikingsTest/raw/master/jarvis/addons.xml</info>
			<checksum>https://github.com/VikingsTest/repo.vikingsTest/raw/master/jarvis/addons.xml.md5</checksum>
			<datadir zip="true">https://github.com/VikingsTest/repo.vikingsTest/raw/master/jarvis</datadir>
		</dir>
		<dir minversion="17.0.0">
			<info compressed="true">https://github.com/VikingsTest/repo.vikingsTest/raw/master/krypton/addons.xml</info>
			<checksum>https://github.com/VikingsTest/repo.vikingsTest/raw/master/krypton/addons.xml.md5</checksum>
			<datadir zip="true">https://github.com/VikingsTest/repo.vikingsTest/raw/master/krypton</datadir>
		</dir>
		<dir minversion="17.9.0">
			<info compressed="true">https://github.com/VikingsTest/repo.vikingsTest/raw/master/leia/addons.xml</info>
			<checksum>https://github.com/VikingsTest/repo.vikingsTest/raw/master/leia/addons.xml.md5</checksum>
			<datadir zip="true">https://github.com/VikingsTest/repo.vikingsTest/raw/master/leia</datadir>
		</dir>
	</extension>
	<extension point="xbmc.addon.metadata">
		<summary>Vikings The BEst</summary>
		<description>Repositorio Oficial Vikings</description>
		<platform>all</platform>
		<news>Agora separado por versao de Kodi</news>
	</extension>
</addon>